Title,Takeaway,Authors,Year,Citations,Abstract,Study Type,Journal,Journal SJR Quartile,DOI,Consensus Link
"Diabetic Retinopathy Classification With Deep Learning via Fundus Images: A Short Survey","Deep learning models have achieved human-level accuracy in diabetic retinopathy classification, but further improvements in model interpretability, trustworthiness, and cost-effective screening systems are needed for real clinical workflows.","Shanshan Zhu, Changchun Xiong, Qing-qing Zhong, Yudong Yao",2024,22,"Diabetic retinopathy (DR) is a microvascular disease that is associated with diabetes mellitus. DR can cause irreversible vision loss and low vision. DR classification, that is, early DR diagnosis and accurate DR grading, is critical for vision protection and immediate treatment. Deep learning-based automated systems led to significant expectations for DR classification based on fundus images with several advantages. In the past several years, many outstanding studies in this area have been conducted and several review articles have been published. However, the new trends and the future directions are need to furtherly analyzed. Thus, we carefully included and read 94 related articles published from 2018 to 2023 through Web of Science, PubMed, Scopus, and IEEE Xplore. From this review, we found that transfer learning has been used as an outstanding strategy for overcoming the issue of the limited data resources to support DR analysis. CNN models of ResNet and VGGNet with layers of tens or even hundreds are the most popular frameworks used for DR classification. The APTOS 2019 and EyePACS are the most widely used datasets for DR classification. In addition, some lightweight DL architectures like SqueezeNet and MobileNet have been proposed for DR classification tasks, especially for limited data resources and computational capabilities. Although deep learning has achieved or surpassed human-level accuracy in DR classification, there is still a long way to go in real clinical workflows. Further improvements in model interpretability, trustworthiness from ophthalmologists, cost-effective and reliable DR screening systems are needed.","systematic review","IEEE Access","1","10.1109/access.2024.3361944","https://consensus.app/papers/diabetic-retinopathy-classification-with-deep-learning-zhu-xiong/3e5e6563d00557a8a07af6d9b39b41f3/"
"Automatic Severity Classification of Diabetic Retinopathy Based on DenseNet and Convolutional Block Attention Module","The proposed deep-learning approach using DenseNet and CBAM effectively detects diabetic retinopathy severity levels using a single Color Fundus photograph, offering a promising candidate for autonomous diagnosis.","Mohamed M. Farag, Maria A. Fouad, Amr T. Abdel-Hamid",2022,153,"Diabetic Retinopathy (DR) - a complication developed due to heightened blood glucose levels- is deemed one of the most sight-threatening diseases. Unfortunately, DR screening is manually acquired by an ophthalmologist, a process that can be considered erroneous and time-consuming. Accordingly, automated DR diagnostics have become a focus of research in recent years due to the tremendous increase in diabetic patients. Moreover, the recent accomplishments demonstrated by Convolutional Neural Networks (CNN) settle them as state-of-the-art for DR stage identification. This paper proposes a new automatic deep-learning-based approach for severity detection by utilizing a single Color Fundus photograph (CFP). The proposed technique employs DenseNet169’s encoder to construct a visual embedding. Furthermore, Convolutional Block Attention Module (CBAM) is introduced on top of the encoder to reinforce its discriminative power. Finally, the model is trained using cross-entropy loss on the Kaggle Asia Pacific Tele-Ophthalmology Society’s (APTOS) dataset. On the binary classification task, we accomplished (97% accuracy - 97% sensitivity - 98.3% specificity - 0.9455, Quadratic Weighted Kappa score (QWK)) compared to the state-of-the-art. Moreover, Our network showed high competency (82% accuracy - 0.888 (QWK)) for severity grading. The significant contribution of the proposed framework is that it efficiently grades the severity level of diabetic retinopathy while reducing the time and space complexity required, which demonstrates it as a promising candidate for autonomous diagnosis.","","IEEE Access","1","10.1109/access.2022.3165193","https://consensus.app/papers/automatic-severity-classification-of-diabetic-farag-fouad/4026c6af09a35a10b57158d90d8991e0/"
"Dual Branch Deep Learning Network for Detection and Stage Grading of Diabetic Retinopathy","The proposed deep learning model accurately detects and stages diabetic retinopathy using a single fundus retinal image, outperforming established literature and offering potential for improved clinical decision-making and patient care.","Hossein Shakibania, Sina Raoufi, Behnam Pourafkham, H. Khotanlou, Muharram Mansoorizadeh",2023,56,"","","ArXiv","1","10.1016/j.bspc.2024.106168","https://consensus.app/papers/dual-branch-deep-learning-network-for-detection-and-stage-shakibania-raoufi/42c15ad78fe450f6b55e9210ba9e5e3d/"
"A deep learning based model for diabetic retinopathy grading","The RSG-Net deep neural network effectively classifies diabetic retinopathy into 4 stages and 2 stages, outperforming existing methods and enhancing early detection.","Samia Akhtar, Shabib Aftab, Oualid Ali, Munir Ahmad, Muhammad Adnan Khan, Sagheer Abbas, Taher M. Ghazal",2025,51,"Diabetic retinopathy stands as a leading cause of blindness among people. Manual examination of DR images is labor-intensive and prone to error. Existing methods to detect this disease often rely on handcrafted features which limit the adaptability and classification accuracy. Thus, the aim of this research is to develop an automated and efficient system for early detection and accurate grading of diabetic retinopathy severity with less time consumption. In our research, we have developed a deep neural network named RSG-Net (Retinopathy Severity Grading) to classify DR into 4 stages (multi-class classification) and 2 stages (binary classification). The dataset utilized in this study is Messidor-1. In preprocessing, we have used Histogram Equalization to improve image contrast and denoising techniques to remove noise and artifacts which enhanced the clarity of the fundus images. We applied data augmentation techniques to our preprocessed images in order to tackle class imbalance issues. Augmentation techniques involve flipping, rotation, zooming and adjustment of color, contrast and brightness. The proposed RSG-Net model contains convolutional layers to perform automatic feature extraction from the input images and batch normalization layers to improve training speed and performance. The model also contains max pooling, drop out and fully connected layers. Our proposed RSG-Net model achieved a testing accuracy of 99.36%, specificity of 99.79% and a sensitivity of 99.41% in classifying diabetic retinopathy into 4 grades and it achieved 99.37% accuracy, 100% sensitivity and 98.62% specificity in classifying DR into 2 grades. The performance of RSG-Net is also compared with other state-of-the-art methodologies where it outperformed these methods.","","Scientific Reports","1","10.1038/s41598-025-87171-9","https://consensus.app/papers/a-deep-learning-based-model-for-diabetic-retinopathy-akhtar-aftab/ab5c77cfbbeb545689df078f38fe7478/"
"Development of revised ResNet-50 for diabetic retinopathy detection","The revised ResNet-50 model, using visualization and preprocessing, accurately predicts diabetic retinopathy more accurately than other common CNNs, aiding early detection and treatment.","Chun-Ling Lin, Kun-Chi Wu",2023,108,"Diabetic retinopathy (DR) produces bleeding, exudation, and new blood vessel formation conditions. DR can damage the retinal blood vessels and cause vision loss or even blindness. If DR is detected early, ophthalmologists can use lasers to create tiny burns around the retinal tears to inhibit bleeding and prevent the formation of new blood vessels, in order to prevent deterioration of the disease. The rapid improvement of deep learning has made image recognition an effective technology; it can avoid misjudgments caused by different doctors' evaluations and help doctors to predict the condition quickly. The aim of this paper is to adopt visualization and preprocessing in the ResNet-50 model to improve module calibration, to enable the model to predict DR accurately. This study compared the performance of the proposed method with other common CNNs models (Xception, AlexNet, VggNet-s, VggNet-16 and ResNet-50). In examining said models, the results alluded to an over-fitting phenomenon, and the outcome of the work demonstrates that the performance of the revised ResNet-50 (Train accuracy: 0.8395 and Test accuracy: 0.7432) is better than other common CNNs (that is, the revised structure of ResNet-50 could avoid the overfitting problem, decease the loss value, and reduce the fluctuation problem). This study proposed two approaches to designing the DR grading system: a standard operation procedure (SOP) for preprocessing the fundus image, and a revised structure of ResNet-50, including an adaptive learning rating to adjust the weight of layers, regularization and change the structure of ResNet-50, which was selected for its suitable features. It is worth noting that the purpose of this study was not to design the most accurate DR screening network, but to demonstrate the effect of the SOP of DR and the visualization of the revised ResNet-50 model. The results provided an insight to revise the structure of CNNs using the visualization tool.","","BMC Bioinformatics","1","10.1186/s12859-023-05293-1","https://consensus.app/papers/development-of-revised-resnet50-for-diabetic-retinopathy-lin-wu/236baf8b425a5175ba2046e3f61eef4f/"
"Leveraging FastViT Based Knowledge Distillation with EfficientNet-B0 for Diabetic Retinopathy Severity Classification.","","Jyotirmayee Rautaray, Ali B. M. Ali, Meenakshi Kandpal, Pranati Mishra, R. F. Rashid, Farzona Alimova, Mohamed Kallel, Nadia Batool",2025,7,"","","SLAS technology","2","10.1016/j.slast.2025.100325","https://consensus.app/papers/leveraging-fastvit-based-knowledge-distillation-with-rautaray-ali/f86f6b1d80f85404833670633f13a613/"
"Fine-grained attention & knowledge-based collaborative network for diabetic retinopathy grading","The FA+KC-Net model accurately and stablely grades diabetic retinopathy, improving treatment plans for vision loss.","Miao Tian, Hongqiu Wang, Yingxue Sun, Shaozhi Wu, Qingqing Tang, Meixia Zhang",2023,21,"","","Heliyon","1","10.1016/j.heliyon.2023.e17217","https://consensus.app/papers/finegrained-attention-knowledgebased-collaborative-tian-wang/237ebfc87f185292b3755404e1cb2666/"
"DeepDRiD: Diabetic Retinopathy—Grading and Image Quality Estimation Challenge","The DeepDRiD challenge successfully developed deep learning models for diabetic retinopathy image assessment and grading, with potential for further exploration in image quality assessment.","Ruhan Liu, Xiangning Wang, Qiang Wu, Ling Dai, X. Fang, Tao Yan, Jaemin Son, Shiqi Tang, Jiang Li, Zijian Gao, A. Galdrán, J. M. Poorneshwaran, Hao Liu, Jie Wang, Yerui Chen, Prasanna Porwal, G. Tan, Xiaokang Yang, Chao Dai, Haitao Song, Mingang Chen, Huating Li, Weiping Jia, Dinggang Shen, Bin Sheng, Ping Zhang",2022,193,"","","Patterns","1","10.1016/j.patter.2022.100512","https://consensus.app/papers/deepdrid-diabetic-retinopathygrading-and-image-quality-liu-wang/496914d746725a618213c20a00a090d0/"
"ResViT FusionNet Model: An explainable AI-driven approach for automated grading of diabetic retinopathy in retinal images","The ResViT FusionNet model, combining Convolutional Neural Networks and Vision Transformers, improves diabetic retinopathy detection and classification accuracy in retinal images.","Amna Ikram, Azhar Imran",2025,31,"","","Computers in biology and medicine","1","10.1016/j.compbiomed.2025.109656","https://consensus.app/papers/resvit-fusionnet-model-an-explainable-aidriven-approach-ikram-imran/8428986bd4fd510aabb3551808704f5e/"
"Interpretable Deep Learning for Diabetic Retinopathy: A Comparative Study of CNN, ViT, and Hybrid Architectures","Hybrid models outperform standalone CNNs and Vision Transformers for diabetic retinopathy classification, achieving a better balance between local feature extraction and global context awareness.","Weijie Zhang, Veronika Belcheva, Tatiana Ermakova",2025,8,"Diabetic retinopathy (DR) is a leading cause of vision impairment worldwide, requiring early detection for effective treatment. Deep learning models have been widely used for automated DR classification, with Convolutional Neural Networks (CNNs) being the most established approach. Recently, Vision Transformers (ViTs) have shown promise, but a direct comparison of their performance and interpretability remains limited. Additionally, hybrid models that combine CNN and transformer-based architectures have not been extensively studied. This work systematically evaluates CNNs (ResNet-50), ViTs (Vision Transformer and SwinV2-Tiny), and hybrid models (Convolutional Vision Transformer, LeViT-256, and CvT-13) on DR classification using publicly available retinal image datasets. The models are assessed based on classification accuracy and interpretability, applying Grad-CAM and Attention-Rollout to analyze decision-making patterns. Results indicate that hybrid models outperform both standalone CNNs and ViTs, achieving a better balance between local feature extraction and global context awareness. The best-performing model (CvT-13) achieved a Quadratic Weighted Kappa (QWK) score of 0.84 and an AUC of 0.93 on the test set. Interpretability analysis shows that CNNs focus on fine-grained lesion details, while ViTs exhibit broader but less localized attention. These findings provide valuable insights for optimizing deep learning models in medical imaging, supporting the development of clinically viable AI-driven DR screening systems.","","Comput.","","10.3390/computers14050187","https://consensus.app/papers/interpretable-deep-learning-for-diabetic-retinopathy-a-zhang-belcheva/525827ee3c8655c4ac94bb9cc2b7416a/"
"A Hybrid CNN-Transformer Approach for Precise Three-Class Diabetic Retinopathy Classification","The hybrid CNN-Transformer approach, combining ResNet50's granular feature extraction with ViTs' global relational reasoning, achieves better performance in diabetic retinopathy detection and classification compared to conventional methods.","Samira Azzou, Djamila Boukredera, Sifeddine Baouz",2025,0,"This study evaluates the effectiveness of Vision Transformers (ViTs) and hybrid deep learning architectures for diabetic retinopathy (DR) classification, addressing the challenge of inter-stage ambiguity in traditional systems. While convolutional neural networks (CNNs) such as ResNet50 excel at localized feature extraction in retinal images, ViTs offer superior global contextual modeling. To synergize these strengths, we propose a hybrid architecture integrating ResNet50’s granular feature extraction with ViTs’ global relational reasoning. Three models are designed and evaluated: (1) an auto-tuned ResNet50, (2) a hyperparameter-optimized ViT, and (3) a hybrid combining both architectures.
To reduce ambiguity between neighboring stages, we simplified the traditional five-stage classification into three clinically relevant categories: no DR, early DR (mild/moderate), and advanced DR (severe/proliferative).
Trained and validated on the APTOS dataset. The ResNet50 model achieves precision scores of 93.0% (No DR), 82.0% (Early DR), and 86.0% (Advanced DR). The standalone ViT demonstrates relative improvements, attaining 98.0%, 91.0%, and 93.0%, respectively. The hybrid model surpasses both, achieving 98.0% average precision across all classes, with gains of +7.0% (early DR) and +5.0% (advanced DR) over the standalone ViT. The proposed hybrid model achieved an impressive value of 99.5% on all metrics (accuracy, precision and recall) for identifying DR (binary classification) and a value of 98.3% for 3-stage classification. It was also concluded that the proposed method achieved better performance in DR detection and classification compared to conventional CNN and other state-of-the-art methods}.The proposed hybrid approach significantly reduces confusion between classes, demonstrating its potential for accurate classification of the different stages of DR.","","Jordanian Journal of Computers and Information Technology","3","10.5455/jjcit.71-1738691198","https://consensus.app/papers/a-hybrid-cnntransformer-approach-for-precise-threeclass-azzou-boukredera/30ec4dec024650d093f13d0008049015/"
"Hybrid CNN and Vision Transformer Model for Diabetic Retinopathy Detection","The hybrid model combining CNNs and Vision Transformers effectively detects diabetic retinopathy severity from color fundus images, achieving high accuracy and recall.","Presilla R, Rameez Shafat Wani, R. Acharya",2025,0,"Diabetic Retinopathy is one of the most common complications of Diabetes Mellitus, leading to visual impairment in millions, and permanent blindness if not detected early. Compared to computer-aided diagnosis systems, manual detection of DR is a time-consuming process, cumbersome, and expensive. Deep learning is recently emerging as a powerful tool for automated diagnosis, with CNNs proving very effective in the medical domain. Nonetheless, the ViTs have been studied for their ability to inject global image context, potentially yielding an advantage in DR detection. This paper proposes a new hybrid model combining CNNs and ViTs for classification of DR severity from color fundus images. The performance of this hybrid model, achieving accuracy of 85.52 percent, recall of 85.52 percent, precision of 85.20 percent, and F1-score of 84.92 percent is assessed through exhaustive experimentation and benchmarked against standalone CNN and ViT models.","","2025 International Conference on Biomedical Engineering and Sustainable Healthcare (ICBMESH)","","10.1109/icbmesh66209.2025.11182184","https://consensus.app/papers/hybrid-cnn-and-vision-transformer-model-for-diabetic-r-wani/3478384901dc564c855c9954ace25d67/"
"Optimal Detection of Diabetic Retinopathy Severity Levels Using Attention-Based CNN and Vision Transformers (ViT)","Combining Attention-Based Convolutional Neural Networks and Vision Transformers improves diabetic retinopathy severity detection accuracy by around 95%, sensitivity, and specificity.","Gaurang Kakade, Chaitanya Kakade",2024,1,"Diagnosing diabetic retinopathy (DR) from colour fundus images is challenging as it requires skilled clinicians to recognize and interpret multiple small features and utilize a complex grading system, making the process both difficult and time-consuming. Prior detection of this condition is important to prevent any further complications such as partial or complete blindness. This study presents an approach for detecting the severity levels of diabetic retinopathy using a combination of Attention-Based Convolutional Neural Networks (CNN) and Vision Transformers (ViT). The method addresses the need for accurate classification of retinal images across multiple severity levels of diabetic retinopathy. We made use of a unique combination of attention mechanisms in CNN and transformers, thereby enhancing the model's ability to focus on critical regions within the retinal images. Experimental results show improvements in classification accuracy of around $95 \%$, sensitivity, specificity, and other key performance metrics, making it a potentially better solution for automated diabetic retinopathy detection.","","2024 International Conference on Modeling, Simulation & Intelligent Computing (MoSICom)","","10.1109/mosicom63082.2024.10881457","https://consensus.app/papers/optimal-detection-of-diabetic-retinopathy-severity-kakade-kakade/361315a8609d5ce1a2f7a6295efd16c2/"
"A Hybrid Vision Transformer and Graph Neural Network Model with Attention Mechanisms for Diabetic Retinopathy Detection","The hybrid Vision Transformer and Graph Neural Network model with attention mechanisms improves diabetic retinalopathy detection accuracy by capturing complex spatial and temporal relationships in retinal images.","K. Niranjan, N. SrinivasRao, Nagesh Rangahanumaiah, Beena Ullala, BN Mata, Vani Anantharamaiah",2025,3,"Diabetic Retinopathy (DR) is a foremost reason of blindness worldwide due to diabetics, highlighting the need for early and accurate detection to prevent severe vision impairment. However, current DR detection methods often fall short in capturing the intricate relationships between retinal structures and struggle to effectively utilize both local and global features within retinal images. To deal these challenges, this study introduces a novel hybrid structure that combines Vision Transformers (ViTs) with Graph Neural Networks (GNNs), augmented by attention mechanisms, for identification and classification of DR using retinal fundus images.The main objective is to build a robust structure that can accurately capture the complex spatial and temporal relationships within retinal images, thereby improving the precision and reliability of DR detection. The presented approach begins with bilateral filtering during the image pre-processing stage, which preserves essential structural details, such as blood vessels, while reducing noise. ViTs are incorporated to capture higher level features by grouping images into sequences of non-overlapping groups. These features are then used to construct spatial and temporal graphs, enabling the model to capture both detailed local information and broader sequential relationships within the retinal images. The integration of attention mechanisms within the GNNs allows the structure to concentrate on efficient features, further enhancing its detection capabilities.The outcome results illustrates that the hybrid structure outperforms several cutting-edge approaches, achieving an accuracy of 93.2% and an AUC-ROC of 0.961 on the APTOS 2019 Blindness Detection dataset. Ablation studies underscore the significance of attention mechanisms and the synergistic use of spatial and temporal graphs. Despite the structure's strong performance, its complexity and computational demands may limit its feasibility in resource-constrained settings. Future research aims to optimize the structure for such environments and extend its application to other retinal diseases.","","Journal of Artificial Intelligence and Technology","2","10.37965/jait.2025.0645","https://consensus.app/papers/a-hybrid-vision-transformer-and-graph-neural-network-model-niranjan-srinivasrao/a194f03ca4d452a6b04a098bf7db27b7/"
"Automatic Diabetic Retinopathy Grading via Self-Knowledge Distillation","Our deep-learning technique using self-knowledge distillation and CAM-Attention effectively grades diabetic retinopathy with 92.9% accuracy on the Messidor dataset and 67.96% accuracy on the IDRID dataset.","Dingyu Xue, Xinglong Feng",2020,45,"Diabetic retinopathy (DR) is a common fundus disease that leads to irreversible blindness, which plagues the working-age population. Automatic medical imaging diagnosis provides a non-invasive method to assist ophthalmologists in timely screening of suspected DR cases, which prevents its further deterioration. However, the state-of-the-art deep-learning-based methods generally have a large amount of model parameters, which makes large-scale clinical deployment a time-consuming task. Moreover, the severity of DR is associated with lesions, and it is difficult for the model to focus on these regions. In this paper, we propose a novel deep-learning technique for grading DR with only image-level supervision. Specifically, we first customize the model with the help of self-knowledge distillation to achieve a trade-off between model performance and time complexity. Secondly, CAM-Attention is used to allow the network to focus on discriminative zone, e.g., microaneurysms, soft/hard exudates, etc.. Considering that directly attaching a classifier after the Side branch will disrupt the hierarchical nature of convolutional neural networks, a Mimicking Module is employed that allows the Side branch to actively mimic the main branch structure. Extensive experiments are conducted on two benchmark datasets, with an AUC of 0.965 and an accuracy of 92.9% for the Messidor dataset and 67.96% accuracy achieved for the challenging IDRID dataset, which demonstrates the superior performance of our proposed method.","","Electronics","4","10.3390/electronics9091337","https://consensus.app/papers/automatic-diabetic-retinopathy-grading-via-xue-feng/3c7134601ca85447b8eb8e1e293809b6/"
"Toward Lightweight Diabetic Retinopathy Classification: A Knowledge Distillation Approach for Resource-Constrained Settings","Our knowledge distillation-based approach effectively classifies diabetic retinopathy in resource-constrained settings, enabling accessible assessment even in underdeveloped environments.","Niful Islam, Md. Mehedi Hashan Jony, Emam Hasan, Sunny Sutradhar, Atikur Rahman, Md. Motaharul Islam",2023,14,"Diabetic retinopathy (DR), a consequence of diabetes, is one of the prominent contributors to blindness. Effective intervention necessitates accurate classification of DR; this is a need that computer vision-based technologies address. However, using large-scale deep learning models for DR classification presents difficulties, especially when integrating them into devices with limited resources, particularly in places with poor technological infrastructure. In order to address this, our research presents a knowledge distillation-based approach, where we train a fusion model, composed of ResNet152V2 and Swin Transformer, as the teacher model. The knowledge learned from the heavy teacher model is transferred to the lightweight student model of 102 megabytes, which consists of Xception with a customized convolutional block attention module (CBAM). The system also integrates a four-stage image enhancement technique to improve the image quality. We compared the model against eight state-of-the-art classifiers on five evaluation metrics; the experiments show superior performance of the model over other methods on two datasets (APTOS and IDRiD). The model performed exceptionally well on the APTOS dataset, achieving 100% accuracy in binary classification and 99.04% accuracy in multi-class classification. On the IDRiD dataset, the results were 98.05% for binary classification accuracy and 94.17% for multi-class accuracy. The proposed approach shows promise for practical applications, enabling accessible DR assessment even in technologically underdeveloped environments.","","Applied Sciences","2","10.3390/app132212397","https://consensus.app/papers/toward-lightweight-diabetic-retinopathy-classification-islam-jony/47e99043b69e5a6cb5f9e1333999afc4/"
"Computer-Aided Diagnosis of Diabetic Retinopathy Lesions Based on Knowledge Distillation in Fundus Images","The proposed deep learning-based model achieves competitive results in diabetic retinopathy lesion detection and classification, aiding in early diagnosis compared to baseline models and other state-of-the-art works.","E. Moya-Albor, Alberto Lopez-Figueroa, Sebastian Jacome-Herrera, D. Renza, J. Brieva",2024,5,"At present, the early diagnosis of diabetic retinopathy (DR), a possible complication of diabetes due to elevated glucose concentrations in the blood, is usually performed by specialists using a manual inspection of high-resolution fundus images based on lesion screening, leading to problems such as high work-intensity and accessibility only in specialized health centers. To support the diagnosis of DR, we propose a deep learning-based (DL) DR lesion classification method through a knowledge distillation (KD) strategy. First, we use the pre-trained DL architecture, Inception-v3, as a teacher model to distill the dataset. Then, a student model, also using the Inception-v3 model, is trained on the distilled dataset to match the performance of the teacher model. In addition, a new combination of Kullback–Leibler (KL) divergence and categorical cross-entropy (CCE) loss is used to measure the difference between the teacher and student models. This combined metric encourages the student model to mimic the predictions of the teacher model. Finally, the trained student model is evaluated on a validation dataset to assess its performance and compare it with both the teacher model and another competitive DL model. Experiments are conducted on the two datasets, corresponding to an imbalanced and a balanced dataset. Two baseline models (Inception-v3 and YOLOv8) are evaluated for reference, obtaining a maximum training accuracy of 66.75% and 90.90%, respectively, and a maximum validation accuracy of 35.94% and 81.52%, both for the imbalanced dataset. On the other hand, the proposed DR classification model achieves an average training accuracy of 99.01% and an average validation accuracy of 97.30%, overcoming the baseline models and other state-of-the-art works. Experimental results show that the proposed model achieves competitive results in DR lesion detection and classification tasks, assisting in the early diagnosis of diabetic retinopathy.","","Mathematics","2","10.3390/math12162543","https://consensus.app/papers/computeraided-diagnosis-of-diabetic-retinopathy-lesions-moya-albor-lopez-figueroa/da014620c1b958489d0666f74aceb57a/"
"Synergic Adversarial Label Learning for Grading Retinal Diseases via Knowledge Distillation and Multi-Task Learning","SALL significantly improves retinal disease classification accuracy by 5.91% and 3.69% using knowledge distillation and multi-task learning.","Lie Ju, Xin Wang, Xin Zhao, Huimin Lu, D. Mahapatra, Paul Bonnington, ZongYuan Ge",2021,41,"The need for comprehensive and automated screening methods for retinal image classification has long been recognized. Well-qualified doctors annotated images are very expensive and only a limited amount of data is available for various retinal diseases such as diabetic retinopathy (DR) and age-related macular degeneration (AMD). Some studies show that some retinal diseases such as DR and AMD share some common features like haemorrhages and exudation but most classification algorithms only train those disease models independently when the only single label for one image is available. Inspired by multi-task learning where additional monitoring signals from various sources is beneficial to train a robust model. We propose a method called synergic adversarial label learning (SALL) which leverages relevant retinal disease labels in both semantic and feature space as additional signals and train the model in a collaborative manner using knowledge distillation. Our experiments on DR and AMD fundus image classification task demonstrate that the proposed method can significantly improve the accuracy of the model for grading diseases by 5.91% and 3.69% respectively. In addition, we conduct additional experiments to show the effectiveness of SALL from the aspects of reliability and interpretability in the context of medical imaging application.","","IEEE Journal of Biomedical and Health Informatics","1","10.1109/jbhi.2021.3052916","https://consensus.app/papers/synergic-adversarial-label-learning-for-grading-retinal-ju-wang/191cc8eccc7056d6813b294753ae9e7f/"
"Vision Transformer Model for Predicting the Severity of Diabetic Retinopathy in Fundus Photography-Based Retina Images","The proposed Vision Transformer model, using the FGADR dataset and AdamW optimizer, effectively detects diabetic retinopathy severity stages in fundus photography-based retina images, outperforming other CNN and baseline models.","Waleed Nazih, Ahmad O. Aseeri, O. Atallah, Shaker El-Sappagh",2023,67,"Diabetic Retinopathy (DR) is a result of prolonged diabetes with poor blood sugar management. It causes vision problems and blindness due to the deformation of the human retina. Recently, DR has become a crucial medical problem that affects the health and life of people. Diagnosis of DR can be done manually by ophthalmologists, but this is cumbersome and time consuming especially in the current overloaded physician’s environment. The early detection and prevention of DR, a severe complication of diabetes that can lead to blindness, require an automatic, accurate, and personalized machine learning-based method. Various deep learning algorithms, particularly convolutional neural networks (CNNs), have been investigated for detecting different stages of DR. Recently, transformers have proved their capabilities in natural language processing. Vision transformers (ViTs) are extensions of these models to capture long-range dependencies in images, which achieved better results than CNN models. However, ViT always needs huge datasets to learn properly, and this condition reduced its applicability in DR domain. Recently, a new real-world and large fundus image dataset called fine-grained annotated diabetic retinopathy (FGADR) has been released which supported the application of ViT in DR diagnosis domain. The literature has not explored FGADR to optimize ViT models. In this paper, we propose a novel ViT based deep learning pipeline for detecting the severity stages of DR based on fundus photography-based retina images. The model has been built using FGADR dataset. The model has been optimized using a new optimizer called AdamW to detect the global context of images. Because FGADR is an imbalanced dataset, we combine several techniques for handling this issue including the usage of F1-score as the optimization metric, data augmentation, class weights, label smoothing, and focal loss. Extensive experiments have been conducted to explore the role of ViT with different data balancing techniques to detect DR. In addition, the proposed model has been compared with the state-of-the-art CNN algorithms such as ResNet50, Incep-tionV3, and VGG19. The adopted model was able to capture the crucial features of retinal images to understand DR severity better. It achieved superior results compared to other CNN and baseline ViT models (i.e., 0.825, 0.825, 0.826, 0.964, 0.825, 0.825, and 0.956 for F1-score, accuracy, balanced accuracy, AUC, precision, recall, specificity, respectively). The results of the proposed ViT model were quite encouraging to be applied in real medical environment for assisting physicians to make accurate, personalized, and timely decisions.","","IEEE Access","1","10.1109/access.2023.3326528","https://consensus.app/papers/vision-transformer-model-for-predicting-the-severity-of-nazih-aseeri/37cdfb6acd2e5221abf1f457379dfbb6/"
"Grading diabetic retinopathy using multiresolution based CNN","The proposed multiresolution-based CNN model accurately classifies diabetic retinopathy stages, outperforming existing models on IDRiD, DDR, and EyePACS datasets.","K. Ashwini, Ratnakar Dash",2023,38,"","","Biomed. Signal Process. Control.","1","10.1016/j.bspc.2023.105210","https://consensus.app/papers/grading-diabetic-retinopathy-using-multiresolution-ashwini-dash/e8e5243de257547a8682aa5deec1d96d/"
"Comparative Analysis of Vision Transformers and Conventional Convolutional Neural Networks in Detecting Referable Diabetic Retinopathy","Vision transformers (ViTs) provide superior performance over convolutional neural networks (CNNs) in detecting referable diabetic retinopathy from retinal photographs.","Jocelyn Hui Lin Goh, E. Ang, Sahana Srinivasan, Xiaofeng Lei, Johnathan Loh, T. Quek, C. Xue, Xinxing Xu, Yong Liu, Ching-Yu Cheng, Jagath C. Rajapakse, Y. Tham",2024,27,"","","Ophthalmology Science","1","10.1016/j.xops.2024.100552","https://consensus.app/papers/comparative-analysis-of-vision-transformers-and-goh-ang/998db4f03cb25c13bb671261244c9144/"
"Vision Transformer for Diabetic Retinopathy Diagnosis: A Deep Learning Approach Beyond CNN","Vision Transformer (ViT) outperforms Convolutional Neural Networks (CNNs) in diabetic retinal disease diagnosis, but requires higher computational resources.","Khawla Ahmed Al-Tayeb, Anwar Jarndal, T. Bonny",2025,1,"Automated retinal disease detection, particularly in Diabetic Retinopathy (DR) classification, has received significant attention. While Convolutional Neural Networks (CNNs) have been the standard for medical image classification, the Vision Transformer (ViT) has emerged as a promising alternative. This study compares ViT and CNN models on the APTOS 2019 Blindness Detection dataset, evaluating accuracy, precision, recall, F1-score, ROC-AUC, and computational efficiency. ViT achieved the highest accuracy (99.3%) and ROC-AUC (0.999), demonstrating superior precision and recall for both Normal and DR classes but required significantly higher computational resources. In contrast, CNN models such as EfficientNet-B0 (98.36% accuracy, ROC-AUC 0.9837) and VGG16 (ROC-AUC 0.9836) were more computationally efficient. DenseNet121 and ResNet18 followed with slightly lower accuracies. This study highlights the trade-off between performance and computational cost, offering insights into the feasibility of ViT in real-world medical applications.","","2025 7th International Youth Conference on Radio Electronics, Electrical and Power Engineering (REEPE)","","10.1109/reepe63962.2025.10970953","https://consensus.app/papers/vision-transformer-for-diabetic-retinopathy-diagnosis-a-al-tayeb-jarndal/0b7f0c98ebb65174b23b22e5484ad527/"
"Deep learning based computer-aided automatic prediction and grading system for diabetic retinopathy","The proposed deep learning networks effectively detect and categorize diabetic retinopathy in fundus images, improving early detection and treatment outcomes for diabetic patients.","Munish Khanna, Law Kumar Singh, Shankar Thawkar, Mayur Goyal",2023,50,"Diabetic Retinopathy (DR) is a consequence of diabetes mellitus that results in damage to the retina’s blood vessel networks. It is now the major cause of irreversible blindness among diabetics. It is more prevalent in those with a history of diabetes mellitus. A high blood glucose level results in the loss of blood and other fluids from the retina’s blood vessels. The importance of early detection and treatment of this illness cannot be overstated. In medical image processing, reliably detecting diabetic retinopathy from digital fundus pictures is considered an open challenge that requires the exploration of innovative approaches. An automated computerized system accomplishes this goal via a series of processes, including the identification and classification of lesions in fundus images. We are motivated by the researchers who chose to use deep learning for the detection of many diseases, like glaucoma, due to its recent breakthroughs and significant success over typical machine learning techniques in a variety of applications. The goal of this article is to develop reformed networks for detecting and categorizing diabetic retinopathy into five classes. Through this work, three novel Convolutional Neural Networks(CNNs) based on deep learning have been proposed for the prediction of diabetic retinopathy. The first proposed network is built from scratch, the second network is the ensemble of five best-performing networks, and the last one is the Convolutional Neural Network-Long Short Term Memory (CNN-LSTM) model. The performance of three proposed networks is compared with twenty-one well-accepted image nets. The effectiveness of the proposed reformed networks is validated using multiple performance indicators on seven experiments of three Kaggle datasets (separately and in combination of these). The presented work achieves the maximum accuracy of 0.9545 (highest average-wise 0.9368), a maximum F1 score of 0.9685 (highest average-wise 0.9374), the maximum sensitivity of 0.9566 (highest average-wise 0.9420),and a maximum AUC score of 0.9769 (highest average-wise 0.9395). The results of the experiments showed that the provided model outperforms the many current models in terms of classification. So, the results of the calculations show that with the proposed networks, retinal problems in diabetic patients can be effectively found so that they can get a better diagnosis and avoid losing their sight.","","Multimedia Tools and Applications","1","10.1007/s11042-023-14970-5","https://consensus.app/papers/deep-learning-based-computeraided-automatic-prediction-khanna-singh/180075ca54345b50af02a0f37027b98a/"
"A novel approach for intelligent diagnosis and grading of diabetic retinopathy","The DRGCNN model effectively diagnoses and grades diabetic retinopathy by addressing imbalanced data distribution and utilizing both eyes' fundus images for training.","Zeru Hai, Beiji Zou, Xiaoxia Xiao, Qinghua Peng, Junfeng Yan, Wensheng Zhang, Kejuan Yue",2024,41,"","","Computers in biology and medicine","1","10.1016/j.compbiomed.2024.108246","https://consensus.app/papers/a-novel-approach-for-intelligent-diagnosis-and-grading-of-hai-zou/3e1411ceb94c5f6694c9ef866383a693/"
"Understanding inherent image features in CNN-based assessment of diabetic retinopathy","CNN-based methods for diabetic retinopathy detection show promising accuracy, sensitivity, and specificity, but differing image features may cause disagreement between models.","R. Reguant, S. Brunak, Sajib Saha",2021,57,"Diabetic retinopathy (DR) is a leading cause of blindness and affects millions of people throughout the world. Early detection and timely checkups are key to reduce the risk of blindness. Automated grading of DR is a cost-effective way to ensure early detection and timely checkups. Deep learning or more specifically convolutional neural network (CNN)-based methods produce state-of-the-art performance in DR detection. Whilst CNN based methods have been proposed, no comparisons have been done between the extracted image features and their clinical relevance. Here we first adopt a CNN visualization strategy to discover the inherent image features involved in the CNN's decision-making process. Then, we critically analyze those features with respect to commonly known pathologies namely microaneurysms, hemorrhages and exudates, and other ocular components. We also critically analyze different CNNs by considering what image features they pick up during learning to predict and justify their clinical relevance. The experiments are executed on publicly available fundus datasets (EyePACS and DIARETDB1) achieving an accuracy of 89 ~ 95% with AUC, sensitivity and specificity of respectively 95 ~ 98%, 74 ~ 86%, and 93 ~ 97%, for disease level grading of DR. Whilst different CNNs produce consistent classification results, the rate of picked-up image features disagreement between models could be as high as 70%.","","Scientific Reports","1","10.1038/s41598-021-89225-0","https://consensus.app/papers/understanding-inherent-image-features-in-cnnbased-reguant-brunak/75a3f993e4a75111939b9973736bc637/"
"Deep Learning in Automatic Diabetic Retinopathy Detection and Grading Systems: A Comprehensive Survey and Comparison of Methods","Deep learning techniques, such as convolutional neural networks, have revolutionized diabetic retinopathy detection and grading, improving accuracy and integrating into clinical workflows.","Israa Y. AbuShawish, S. Modak, Esam Abdel-Raheem, Soliman A. Mahmoud, Abir Jaafar Hussain",2024,44,"Diabetic Retinopathy is one of the leading global causes of vision impairment and blindness in humans. It has seen a rise in prevalence, necessitating the development of advanced automatic detection methods. This paper presents a survey of the evolution in deep learning techniques for diabetic retinopathy detection, emphasizing the transition from traditional machine learning to sophisticated deep learning architectures such as convolutional neural networks. It discusses the role of transfer learning, end-to-end learning, and hybrid models in overcoming medical detection challenges while highlighting the need for artificial intelligence interpretability and real-time screening integration in clinical workflows. Building on this survey, the paper introduces a focused study on cross-dataset deployment of transfer learning for diabetic retinopathy detection and grading. Consequently, this paper evaluates 26 pre-trained models from various convolutional neural network families to provide a comprehensive comparison between the state-of-the-art CNN architectures in the field. Additionally, this study also employs Grad-CAM visualization to interpret the model’s decision-making, bridging advanced artificial intelligence techniques with practical healthcare applications for diabetic retinopathy.","","IEEE Access","1","10.1109/access.2024.3415617","https://consensus.app/papers/deep-learning-in-automatic-diabetic-retinopathy-abushawish-modak/e0a9195c2f10505bbf7800801dde521a/"
"OCTFormer: An Efficient Hierarchical Transformer Network Specialized for Retinal Optical Coherence Tomography Image Recognition","The OCTFormer neural network architecture accurately diagnoses diabetic retinopathy with 98.60% accuracy, surpassing the state-of-the-art SOTA model in retinal OCT image recognition.","Haoran Wang, Xinyu Guo, Kaiwen Song, Mingyang Sun, Yanbin Shao, Songfeng Xue, Hongwei Zhang, Tianyu Zhang",2023,16,"Diabetic retinopathy (DR) is a common complication of diabetes and one of the main causes of blindness in humans, which can be prevented by early-stage detection and treatment. Clinically, ophthalmologists use optical coherence tomography (OCT) image analysis as a basis for diagnosing DR. The existing medical resources can no longer meet the needs of the escalating patient population. Therefore, deep-learning technology has become a mainstream solution for medical image analysis. Vision transformer (ViT), a new neural network structure, has demonstrated great performance in analyzing images. However, due to the lack of inductive bias and prohibition of input image changes in size, ViT cannot avoid over-fitting problems on small datasets and limits the model to biological tissue characteristics. Thus, we propose an OCT multihead self-attention (OMHSA) block that especially calculates OCT image information based on a hybrid CNN-Transformer strategy. Compared to traditional MHSA, OMHSA integrates local information extraction differences into the calculation of self-attention and adds local information to the transformer model without relying on a multibranch network establishment. We built a neural network architecture (OCTFormer) by stacking convolutional layers and OMHSA blocks repeatedly in each stage. Similar to CNN, OCTFormer allows input size change at each stage to achieve a hierarchical structure effect. The model diagnosis effectiveness on the collected retinal OCT dataset was evaluated, and the accuracy reached 98.60%, surpassing the state-of-the-art (SOTA) model. The OCTFormer deployment to mobile terminals through knowledge distillation technology was shown, which presented a reference for deploying transformer models to actual clinical environments.","","IEEE Transactions on Instrumentation and Measurement","1","10.1109/tim.2023.3329106","https://consensus.app/papers/octformer-an-efficient-hierarchical-transformer-network-wang-guo/48f6de0f276e5f35aeb7199a00783e0b/"
"Diabetic Retinopathy Detection using CNN, Transformer and MLP based Architectures","Transformer-based architectures are the most accurate and have comparable model-convergence times compared to CNN and MLP architectures for diabetic retinopathy detection.","Nikhil Sathya Kumar, Badri Karthikeyan",2021,27,"Diabetic retinopathy is a chronic disease caused due to a long term accumulation of insulin in the retinal blood vessels. 2.6% of global blindness is a result of diabetic retinopathy (DR) with more than 150 million people affected. Early detection of DR plays an important role in preventing blindness. Use of deep learning is a long term solution to screen, diagnose and monitor patients within primary health centers. Attention based networks (Transformers), Convolutional neural networks (CNN) and multi-layered perceptrons (MPLs) are the current state-of-the-art architectures for addressing computer vision based problem statements. In this paper, we evaluate these three different architectures for the detection of DR. Model convegence time (training time), accuracy, model size are few of the metrics that have been used for this evaluation. State-of-the-art pre-trained models belonging to each of these architectures have been chosen for these experiments. The models include EfficientNet, ResNet, Swin-Transformer, Vision-Transformer (ViT) and MLP-Mixer. These models have been trained using Kaggle dataset, which contains more than 3600 annotated images with a resolution of 2416*1736. For fair comparisons, no augmentation techniques have been used to improve the performance. Results of the experiments indicate that the models based on Transformer based architecture are the most accurate and also have comparative model-convergence times compared to CNN and MLP architectures. Among all the state-of-the-art pre-trained models Swin-Transformer yields the best accuracy of 86.4% on test dataset and it takes around 12 minutes for training the model on a Tesla K80 GPU.","","2021 International Symposium on Intelligent Signal Processing and Communication Systems (ISPACS)","","10.1109/ispacs51563.2021.9651024","https://consensus.app/papers/diabetic-retinopathy-detection-using-cnn-transformer-and-kumar-karthikeyan/9554865e6d37587fa25ada0fdf26a7b6/"
"Deep learning in the grading of diabetic retinopathy: A review","CNN models show promise in diabetic retinopathy grading, but more research is needed to improve their accuracy and sensitivity.","Nurul Mirza Afiqah Tajudin, K. Kipli, M. H. Mahmood, L. T. Lim, D. Mat, R. Sapawi, S. K. Sahari, K. Lias, S. K. Jali, M. E. Hoque",2022,18,"<jats:title>Abstract</jats:title>
                  <jats:p>Diabetic Retinopathy (DR) grading into different stages of severity continues to remain a challenging issue due to the complexities of the disease. Diabetic Retinopathy grading classifies retinal images to five levels of severity ranging from 0 to 5, which represents No DR, Mild non‐proliferative diabetic retinopathy (NPDR), Moderate NPDR, Severe NPDR, and proliferative diabetic retinopathy. With the advancement of Deep Learning, studies on the application of the Convolutional Neural Network (CNN) in DR grading have been on the rise. High accuracy and sensitivity are the desired outcome of these studies. This paper reviewed recently published studies that employed CNN for DR grading to 5 levels of severity. Various approaches are applied in classifying retinal images which are, (i) by training CNN models to learn the features for each grade and (ii) by detecting and segmenting lesions using information about their location such as microaneurysms, exudates, and haemorrhages. Public and private datasets have been utilised by researchers in classifying retinal images for DR. The performance of the CNN models was measured by accuracy, specificity, sensitivity, and area under the curve. The CNN models and their performance varies for every study. More research into the CNN model is necessary for future work to improve model performance in DR grading. The Inception model can be used as a starting point for subsequent research. It will also be necessary to investigate the attributes that the model uses for grading.</jats:p>","literature review","IET Comput. Vis.","3","10.1049/cvi2.12116","https://consensus.app/papers/deep-learning-in-the-grading-of-diabetic-retinopathy-a-tajudin-kipli/2f9d0e5738e25dd5a766d06bb8a86f83/"
"Automated retinal disease classification using hybrid transformer model (SViT) using optical coherence tomography images","The hybrid SqueezeNet-vision transformer (SViT) model achieves 99.90% accuracy in classifying retinal diseases using optical coherence tomography images, improving patient care and clinical decision-making.","G. R. Hemalakshmi, M. Murugappan, M. Sikkandar, Sabarunisha Begum Sheik, N. B. Prakash",2024,27,"Optical coherence tomography (OCT) is a widely used imaging technique in ophthalmology for diagnosis and treatment. Recent advances in deep neural networks (DNNs) and vision transformers (ViTs) have paved the way for automated eye/retinal disease classifications and segmentations using OCT or spectral domain OCT (SD-OCT) images. Diabetic macular edema (DME), choroidal neovascularization (CNV), and Drusen are particularly challenging to accurately classify using OCT images because of their subtle differences and intricate features. Currently, the algorithms reported in the literature using DNNs or ViTs are computationally complex, consider fewer diseases, and are less accurate. This study proposes a hybrid SqueezeNet-vision transformer (SViT) model that combines the strengths of SqueezeNet and vision transformer (ViT), capturing local and global features of OCT images to achieve more accurate classification with less computational complexity. The proposed model uses the OCT2017 dataset for training, testing, and validation, and it performs both binary classification (normal vs disorders) as well as multiclass classification (DME, CNV, Drusen, and normal). As compared to state-of-the-art CNN-based and standalone Transformer models, the proposed SViT model achieves an overall classification accuracy of 99.90% for multiclass classification (CNV: 100%, DME: 99.9%, Drusen: 100%, and normal: 100%). With a good generalization ability, the model can be used to improve patient care and clinical decision-making across a broader range of applications.","","Neural Computing and Applications","1","10.1007/s00521-024-09564-7","https://consensus.app/papers/automated-retinal-disease-classification-using-hybrid-hemalakshmi-murugappan/6ac6b8b56f4e57488b7885bab7b02f2f/"
"Advancing Diabetic Retinopathy Screening: A Systematic Review of Artificial Intelligence and Optical Coherence Tomography Angiography Innovations","AI-OCTA systems significantly improve diagnostic accuracy, sensitivity, and specificity in diabetic retinopathy screening, enabling early detection and reducing vision loss.","Alireza Hayati, Mohammad Reza Abdol Homayuni, Reza Sadeghi, Hassan Asadigandomani, Mohammad Dashtkoohi, Sajad Eslami, Mohammad Soleimani",2025,12,": Diabetic retinopathy (DR) remains a leading cause of preventable blindness, with its global prevalence projected to rise sharply as diabetes incidence increases. Early detection and timely management are critical to reducing DR-related vision loss. Optical Coherence Tomography Angiography (OCTA) now enables non-invasive, layer-specific visualization of the retinal vasculature, facilitating more precise identification of early microvascular changes. Concurrently, advancements in artificial intelligence (AI), particularly deep learning (DL) architectures such as convolutional neural networks (CNNs), attention-based models, and Vision Transformers (ViTs), have revolutionized image analysis. These AI-driven tools substantially enhance the sensitivity, specificity, and interpretability of DR screening.: A systematic review of PubMed, Scopus, WOS, and Embase databases, including quality assessment of published studies, investigating the result of different AI algorithms with OCTA parameters in DR patients was conducted. The variables of interest comprised training databases, type of image, imaging modality, number of images, outcomes, algorithm/model used, and performance metrics.: A total of 32 studies were included in this systematic review. In comparison to conventional ML techniques, our results indicated that DL algorithms significantly improve the accuracy, sensitivity, and specificity of DR screening. Multi-branch CNNs, ensemble architectures, and ViTs were among the sophisticated models with remarkable performance metrics. Several studies reported that accuracy and area under the curve (AUC) values were higher than 99%.: This systematic review underscores the transformative potential of integrating advanced DL and machine learning (ML) algorithms with OCTA imaging for DR screening. By synthesizing evidence from 32 studies, we highlight the unique capabilities of AI-OCTA systems in improving diagnostic accuracy, enabling early detection, and streamlining clinical workflows. These advancements promise to enhance patient management by facilitating timely interventions and reducing the burden of DR-related vision loss. Furthermore, this review provides critical recommendations for clinical practice, emphasizing the need for robust validation, ethical considerations, and equitable implementation to ensure the widespread adoption of AI-OCTA technologies. Future research should focus on multicenter studies, multimodal integration, and real-world validation to maximize the clinical impact of these innovative tools.","systematic review","Diagnostics","2","10.3390/diagnostics15060737","https://consensus.app/papers/advancing-diabetic-retinopathy-screening-a-systematic-hayati-homayuni/919121c89e0251b39f3ec72687b4462e/"
"Hybridizing Convolutional and Transformer Networks for Diabetic Retinopathy Detection in Retinal Images","A hybrid deep learning model combining Convolutional Neural Networks and Transformer-based models improves diabetic retinalopathy detection in retinal images, enhancing accuracy and robustness for large-scale ophthalmic diagnosis.","R. Kavitha, R. Vishnu, M. Prasanna, C. R. Raghul",2025,1,"Being a major cause of blindness, early and precise diagnosis of Diabetic Retinopathy (DR) is essential for successful treatment and prevention of vision impairment. Manual grading of retinal fundus images is time-consuming and susceptible to human bias, and thus, there is a need for automated deep learning-based grading. The current study presents a hybrid deep learning model integrating Convolutional Neural Networks (CNNs) and Transformer-based models to enhance DR classification accuracy. Particularly, we create an ensemble model comprising EfficientNetB0 and ResNet50 as feature extractors, and then a Convolutional Multi-scale Transformer (CMT) model for boosting spatial representation learning. Training and validation are performed on the APTOS 2019 dataset, using data augmentation methods to enhance generalizability. Training is optimized with AdamW optimizer and categorical cross-entropy loss function, and performance is quantified with accuracy, confusion matrices, and Grad-CAM-based interpretability techniques. Experimental findings show that the ensemble CNN model performs better in early-stage DR detection and the CMT-based model is more robust in dealing with complicated fundus variations. In addition, Grad-CAM visualizations are provided for explainability purposes, making the system clinically applicable. This study proves the effectiveness of hybrid deep learning models to further develop automated DR screening systems with potential benefits to large-scale ophthalmic diagnosis.","","2025 3rd International Conference on Inventive Computing and Informatics (ICICI)","","10.1109/icici65870.2025.11069590","https://consensus.app/papers/hybridizing-convolutional-and-transformer-networks-for-kavitha-vishnu/53dcc57bbc37551a895e0ff6a91aaf25/"
"Automated Identification of Diabetic Retinopathy Using Deep Learning.","Our deep learning algorithm effectively detects diabetic retinopathy in fundus images, identifying cases for further evaluation and treatment, potentially reducing vision loss due to DR globally.","Rishab Gargeya, T. Leng",2017,1175,"","","Ophthalmology","1","10.1016/j.ophtha.2017.02.008","https://consensus.app/papers/automated-identification-of-diabetic-retinopathy-using-gargeya-leng/2da354b7c8585bff931602c0d0dadcac/"
"Deep learning-based diabetic retinopathy recognition and grading: Challenges, gaps, and an improved approach - A survey","Deep learning techniques show promise in diabetic retinopathy detection, but require improved attention mechanisms and stage-wise grading for accurate diagnosis.","Md Ilias Bappi, Jannat Afrin Juthy, Kyungbaek Kim",2025,2,"","","ICT Express","1","10.1016/j.icte.2025.08.001","https://consensus.app/papers/deep-learningbased-diabetic-retinopathy-recognition-and-bappi-juthy/491655eff70556edb26f6a282f34069c/"
"Integrating Convolutional and Transformer Networks for Efficient Retinal Disease Screening","The combined CNN-ViT model accurately identifies retinal diseases with 97.9% accuracy on the EyePACS dataset, improving retinal disease screening efficiency.","Sathiya L, Tamilvizhi T",2025,1,"Vision impairment worldwide is significantly caused by retinal disorders like diabetic retinopathy, glaucoma, and age-related macular degeneration. To prevent permanent vision loss, timely and accurate diagnosis is essential, together with suitable medical treatment. The manual analysis of retinal fundus images utilized in regular screenings is frequently laborious and susceptible to inconsistency. Besides these weaknesses, such approaches often miss significant subtle indicators in extensive and complex image datasets. In this study, we create an automated system utilizing deep learning to identify retinal diseases through publicly accessible datasets EyePACS and ODIR-5K. We suggest a combined model utilizing Convolutional Neural Networks (CNNs) and Vision Transformers (ViTs) to enhance feature extraction and classification performance. The initial noteworthy aspect of this project is image preprocessing, which includes noise elimination, image resizing, and normalization to ensure uniformity for model inputs. The second contribution involves applying random oversampling techniques to enhance the dataset for additional disease categories, thus more effectively equipping the model to learn from minority classes. The data refinement was employed to train and assess both the traditional CNNs and the hybrid CNN-ViT model. The suggested architecture achieved an accuracy of 97.9% on the EyePACS dataset, showcasing its classification effectiveness for various retinal diseases. Additionally, techniques for visualizing attention maps.","","2025 4th International Conference on Innovative Mechanisms for Industry Applications (ICIMIA)","","10.1109/icimia67127.2025.11200598","https://consensus.app/papers/integrating-convolutional-and-transformer-networks-for-l-t/4ed3c47451aa5baeb62f41fc12ee7d49/"
"Deep learning-based binocular system for automated diabetic retinopathy grading with prior clinical knowledge integration","Our deep learning-based binocular system accurately classifies diabetic retinopathy into five stages using color retinal fundus images, achieving higher accuracies than state-of-the-art methods.","Saba Ghazanfar Ali, Xiangning Wang, Lei Bi, Younhyun Jung, Tingli Chen, Haifang Zhang",2024,4,"Diabetic retinopathy (DR), a complication of diabetes mellitus, poses a significant risk to vision by damaging retinal blood vessels over time. Traditional methods for identifying DR rely on skilled ophthalmologists to analyze digital color retinal fundus images, leading to time-consuming and labor-intensive diagnoses.  To overcome these challenges, our paper presents a deep learning-based approach inspired by real-world diagnostic practices to automatically classify DR into five stages based on color retinal fundus images. Our proposed Deep DR (2DR) system leverages the correlation in DR severity between a patient’s two eyes and integrates prior clinical knowledge of disease manifestations, such as microangiomas around the macular area, fibrovascular proliferation, and neovascularization around the optic disk.  The 2DR system comprises a binocular network that evaluates disease severity in one eye while incorporating valuable information from the opposite eye to address binocular differences in grading. Furthermore, informed by prior knowledge of DR manifestation, the system extracts features from the optic disk and macular regions, along with global features from the patient’s fundus images, to enhance decision-making. Additionally, we introduce a difference-weighted mean squared error with cross-entropy as a loss function to penalize discrepancies between predicted and actual classes. Comprehensive evaluations on both a private-DR dataset and the public Kaggle-DR dataset validate the effectiveness of our approach, achieving higher accuracies of 87.3% and 86.5%, respectively, compared to state-of-the-art methods.","","The Visual Computer","2","10.1007/s00371-024-03745-0","https://consensus.app/papers/deep-learningbased-binocular-system-for-automated-ali-wang/0bf7402bd92e53f8adf5fcc7caa521fe/"
"COMPARATIVE ANALYSIS OF VISION TRANSFORMERS AND CONVOLUTIONAL NEURAL NETWORKS IN DIABETIC RETINOPATHY DIAGNOSIS","","Esra Yüzgeç Özdemír, Canan Koç, Fatíh Özyurt",2025,0,"Diabetic retinopathy can lead to significant visual complications and significantly affects individuals' quality of life. This study focuses on comparing the performance of Vision Transformer (ViT) models and Convolutional Neural Networks (CNN) methods in diabetic retinopathy diagnosis and aims to evaluate their potential as an alternative to traditional diagnostic methods. In this study, the performance of four different ViT model architectures and four different convolutional neural network (CNN) models in training and testing phases were comparatively analyzed. ViT models achieved accuracy rates of 97.83%, 98.41%, 95.2%, and 98.26% for ""tiny,"" ""base,"" ""small,"" and ""large,"" respectively. Additionally, models trained with VGG13, ResNet18, ResNet50, and SqueezeNet architectures from CNN techniques achieved accuracy rates of 96.1%, 97.83%, 90.9%, and 93.93%, respectively. ViT architectures achieved higher accuracy rates than CNN architectures. When the results were evaluated, it was concluded that ViT methods were more successful in the diagnosis of diabetic retinopathy.","","Kahramanmaraş Sütçü İmam Üniversitesi Mühendislik Bilimleri Dergisi","","10.17780/ksujes.1521858","https://consensus.app/papers/comparative-analysis-of-vision-transformers-and-%C3%B6zdemir-ko%C3%A7/e4b836a3fc8e5a9c9e07939735b26dfe/"
"Attention-based deep learning framework for automatic fundus image processing to aid in diabetic retinopathy grading","Our deep learning framework effectively grades diabetic retinopathy by separating attention on dark and bright structures in retinal images, providing better classification accuracy and visual interpretation for clinicians.","R. Romero-Oraá, M. Herrero-Tudela, M. I. López, R. Hornero, María García",2024,40,"","","Computer methods and programs in biomedicine","1","10.1016/j.cmpb.2024.108160","https://consensus.app/papers/attentionbased-deep-learning-framework-for-automatic-romero-ora-herrero-tudela/08d95869fab4558c98d767133bec4187/"
"Automated diabetic retinopathy severity grading using novel DR-ResNet + deep learning model","The DR-ResNet + deep learning model significantly reduces training time and improves diabetic retinopathy diagnosis accuracy, offering a potential game-changer in healthcare.","Samiya Majid Baba, Indu Bala, Gaurav Dhiman, Ashutosh Sharma, Wattana Viriyasitavat",2024,25,"Diabetic retinopathy, a microvascular condition associated with an increased risk of cardiovascular disease, poses a substantial global healthcare challenge. The demand for timely diagnosis has prompted the development of automated solutions due to the scarcity of specialists. In this paper, we introduce a ground-breaking approach to diabetic retinopathy detection – the Diabetic Retinopathy Residual Network (DR-ResNet +). The proposed model leverages the power of deep learning to automatically extract features, achieving optimal results in just seven training epochs. The DR-ResNet + architecture is meticulously designed by incorporating a series of convolutional, pooling, and fully connected layers. Hyperparameter optimization is done using both grid and random search techniques to ensure peak performance. To validate the proposed model's robustness, simulated results are compared with well-established deep learning models, such as GoogleNet, VGG16, and AlexNet, using a comprehensive Kaggle dataset comprising over 35,000 retinal images. Moreover, the proposed model is also tested on external datasets like MESSIDOR and IDRiD for its validation. Simulation results reveal that the proposed DR-ResNet + model not only reduces training time by an impressive 95% but also exhibits outstanding performance metrics, including an accuracy of 0.9898, specificity of 0.9916, precision of 0.9670, sensitivity of 0.9829, and an F1-score of 0.9748. These findings position the proposed model as exceptionally well-suited for real-time clinical applications, offering a potential game-changer in diabetic retinopathy diagnosis. This paper presents DR-ResNet + as a pioneering advancement in diabetic retinopathy diagnosis. With its rapid training, superior accuracy, and significant real-world implications, the model holds promise for transforming the landscape of healthcare by providing timely and precise diagnoses for this critical condition.","","Multimedia Tools and Applications","1","10.1007/s11042-024-18434-2","https://consensus.app/papers/automated-diabetic-retinopathy-severity-grading-using-baba-bala/372cc59864b45fb0bf1cd19446821998/"
"Deep Learning-Based Algorithms in Screening of Diabetic Retinopathy: A Systematic Review of Diagnostic Performance.","Deep learning-based algorithms show high diagnostic performance in screening diabetic retinopathy, potentially reducing manpower, cost, and variability, but ethical concerns may hinder implementation.","Katrine B. Nielsen, Mie L. Lautrup, J. K. Andersen, T. Savarimuthu, J. Grauslund",2019,113,"","systematic review","Ophthalmology. Retina","1","10.1016/j.oret.2018.10.014","https://consensus.app/papers/deep-learningbased-algorithms-in-screening-of-diabetic-nielsen-lautrup/bc5300edb5425bc7b95d13b7056139c5/"
"Using a Deep Learning Algorithm and Integrated Gradients Explanation to Assist Grading for Diabetic Retinopathy.","Deep learning algorithms can improve the accuracy and confidence in diabetic retinopathy diagnosis in computer-assisted settings, but may increase grading time.","R. Sayres, Ankur Taly, E. Rahimy, Katy Blumer, David Coz, N. Hammel, Jonathan Krause, Arunachalam Narayanaswamy, Zahra Rastegar, Derek J. Wu, Shawn Xu, S. Barb, Anthony Joseph, Michael Shumski, Jesse M. Smith, Arjun B. Sood, G. Corrado, L. Peng, D. Webster",2019,354,"","non-rct observational study","Ophthalmology","1","10.1016/j.ophtha.2018.11.016","https://consensus.app/papers/using-a-deep-learning-algorithm-and-integrated-gradients-sayres-taly/4a0f28074cc95123bdbc73868a8efeb5/"
"Performance of a Deep-Learning Algorithm vs Manual Grading for Detecting Diabetic Retinopathy in India.","The automated diabetic retinopathy grading system performs as well as or better than manual grading in detecting vision-threatening disease in Indian patients.","Varun Gulshan, Renu P Rajan, Kasumi Widner, Derek J. Wu, Peter Wubbels, Tyler Rhodes, Kira Whitehouse, Marc Coram, G. Corrado, K. Ramasamy, R. Raman, L. Peng, D. Webster",2019,248,"More than 60 million people in India have diabetes and are at risk for diabetic retinopathy (DR), a vision-threatening disease. Automated interpretation of retinal fundus photographs can help support and scale a robust screening program to detect DR. To prospectively validate the performance of an automated DR system across 2 sites in India. This prospective observational study was conducted at 2 eye care centers in India (Aravind Eye Hospital and Sankara Nethralaya) and included 3049 patients with diabetes. Data collection and patient enrollment took place between April 2016 and July 2016 at Aravind and May 2016 and April 2017 at Sankara Nethralaya. The model was trained and fixed in March 2016. Automated DR grading system compared with manual grading by 1 trained grader and 1 retina specialist from each site. Adjudication by a panel of 3 retinal specialists served as the reference standard in the cases of disagreement. Sensitivity and specificity for moderate or worse DR or referable diabetic macula edema. Of 3049 patients, 1091 (35.8%) were women and the mean (SD) age for patients at Aravind and Sankara Nethralaya was 56.6 (9.0) years and 56.0 (10.0) years, respectively. For moderate or worse DR, the sensitivity and specificity for manual grading by individual nonadjudicator graders ranged from 73.4% to 89.8% and from 83.5% to 98.7%, respectively. The automated DR system's performance was equal to or exceeded manual grading, with an 88.9% sensitivity (95% CI, 85.8-91.5), 92.2% specificity (95% CI, 90.3-93.8), and an area under the curve of 0.963 on the data set from Aravind Eye Hospital and 92.1% sensitivity (95% CI, 90.1-93.8), 95.2% specificity (95% CI, 94.2-96.1), and an area under the curve of 0.980 on the data set from Sankara Nethralaya. This study shows that the automated DR system generalizes to this population of Indian patients in a prospective setting and demonstrates the feasibility of using an automated DR grading system to expand screening programs.","non-rct observational study","JAMA ophthalmology","1","10.1001/jamaophthalmol.2019.2004","https://consensus.app/papers/performance-of-a-deeplearning-algorithm-vs-manual-grading-gulshan-rajan/2129d9470ef05f7780c3ebdd988088d5/"
"Lesion-aware knowledge distillation for diabetic retinopathy lesion segmentation","The Lesion-aware Knowledge Distillation (LKD) framework improves diabetic retinopathy lesion segmentation in retinal fundus images by focusing on lesion knowledge transfer and promoting efficient knowledge transfer.","Yaqi Wang, Qingshan Hou, Peng Cao, Jinzhu Yang, Osmar R. Zaiane",2024,9,"Retinal fundus images have been widely utilized for screening Diabetic Retinopathy (DR). The lesion information contained in these images is indispensable for the diagnosis of DR. The acquisition of lesion information depends on the sophisticated lesion segmentation methods. Nevertheless, the existing lesion segmentation methods highly rely on huge computational complexity and massive storage, making it difficult to apply in real-world clinical scenarios. Knowledge distillation (KD) has become an essential tool to reduce the computational complexity of the network. However, the lesion regions being insignificant in fundus images, directly applying the current KD methods cannot adequately transfer sufficient lesion knowledge, which restricts the learning of knowledge distillation. In essence, the challenge is how to enhance the focus of the KD process on lesion regions and to transfer more comprehensive pathological knowledge to the student network. Considering the importance of lesion regions in fundus images and the global semantic relations among lesion regions across various fundus images, we propose a Lesion-aware Knowledge Distillation (LKD) framework focusing on the transfer of lesion knowledge. The key contribution of the proposed framework is the creation of lesion embedding queue from the global training samples, which facilitates the transfer of global pathology knowledge from the teacher network to the student network, thus promoting the acquisition of lesion-related knowledge. Furthermore, we propose a self-paced hard sample learning strategy for knowledge transfer of lesion embedding queue, which additionally improves the efficiency of knowledge transfer. We evaluate LKD on IDRiD and DDR benchmark datasets, the overall performance of the proposed mehtod improves 2.1% AUPR as well as 2.2% DICE and 1.5% AUPR as well as 2.2% DICE compared to the previous best results. A particular improvement of 2.3% and 3.2% in DICE are achieved on the IDRiD dataset for tiny lesions, i.e., MA and HE, respectively. Our code is available at https://github.com/YaqiWangCV/LKD .","","Applied Intelligence","2","10.1007/s10489-024-05274-8","https://consensus.app/papers/lesionaware-knowledge-distillation-for-diabetic-wang-hou/7a3c35077cf85cc9bda9ef05e90efdf2/"
"ViT-HHO: Optimized vision transformer for diabetic retinopathy detection using Harris Hawk optimization","The optimized Vision Transformer (ViT) model using Harris Hawk Optimization (HHO) improves diabetic retinopathy detection accuracy and reliability, surpassing traditional CNNs and alternative optimization techniques.","Vishal Awasthi, Namita Awasthi, Hemant Kumar, Shubhendra Singh, P. Singh, P. Dixit, Rashi Agarwal",2024,9,"","","MethodsX","2","10.1016/j.mex.2024.103018","https://consensus.app/papers/vithho-optimized-vision-transformer-for-diabetic-awasthi-awasthi/1e2aafe9767d56cd82e0fcec595c670d/"
"The effectiveness of artificial intelligence-based automated grading and training system in education of manual detection of diabetic retinopathy","The AI-based automated diabetic retinopathy grading and training system effectively improves diagnostic accuracy for junior residents and medical students, enhancing their training aid system.","Xu Qian, Jingyi Han, Song Xian, Yuqing Zhao, Wu Lili, Baorui Chu, Guo Wei, Yefeng Zheng, Zhang Qiang, Chunyan Chu, B. Cheng, Ma Kai, Qu Yi",2022,21,"The purpose of this study is to develop an artificial intelligence (AI)-based automated diabetic retinopathy (DR) grading and training system from a real-world diabetic dataset of China, and in particular, to investigate its effectiveness as a learning tool of DR manual grading for medical students. We developed an automated DR grading and training system equipped with an AI-driven diagnosis algorithm to highlight highly prognostic related regions in the input image. Less experienced prospective physicians received pre- and post-training tests by the AI diagnosis platform. Then, changes in the diagnostic accuracy of the participants were evaluated. We randomly selected 8,063 cases diagnosed with DR and 7,925 with non-DR fundus images from type 2 diabetes patients. The automated DR grading system we developed achieved accuracy, sensitivity/specificity, and AUC values of 0.965, 0.965/0.966, and 0.980 for moderate or worse DR (95 percent CI: 0.976-0.984). When the graders received assistance from the output of the AI system, the metrics were enhanced in varying degrees. The automated DR grading system helped to improve the accuracy of human graders, i.e., junior residents and medical students, from 0.947 and 0.915 to 0.978 and 0.954, respectively. The AI-based systemdemonstrated high diagnostic accuracy for the detection of DR on fundus images from real-world diabetics, and could be utilized as a training aid system for trainees lacking formal instruction on DR management.","non-rct experimental","Frontiers in Public Health","1","10.3389/fpubh.2022.1025271","https://consensus.app/papers/the-effectiveness-of-artificial-intelligencebased-qian-han/301f6c5f8bea59bf824f24af92d84449/"
"Enhancing Diabetic Retinopathy Detection Through Transformer Based Knowledge Distillation and Explainable AI","The cost-sensitive approach and lightweight knowledge distillation model significantly enhance the performance of deep learning models for diabetic retinopathy detection in memory-constrained healthcare devices.","Abdullah Al Shafi, Miraj Hossain Shawon, Nida Shahid, R. Rahman, Riasat Khan",2024,4,"Diabetic retinopathy (DR) is a critical complication of diabetes and is characterized by damage to retinal blood vessels. Without early diagnosis and treatment, it can lead to vision loss. The objective of this study is to investigate diverse methodologies to address the class imbalance issue in the retinal fundus image dataset and apply transformer-based knowledge distillation (KD) for efficient DR detection. Various deep-learning models have been implemented to classify RGB fundus images into five distinct classes of DR. The retinal fundus images of the employed APTOS dataset were classified using the following models: ResNet34, DenseNet121, GoogLeNet MobileViTv2, DeiT3, and KD. Initial training on the imbalanced APTOS dataset showed promising results, but to explore a more robust approach, two data balancing approaches were used, namely cost-sensitive learning and data augmentation. It was found that MobileViTv2 achieved the best results with the APTOS cost-sensitive learning approach, achieving a kappa score of 0.94 and a macro F1 score of 0.73. Furthermore, the KD technique with MobileViTv2 as a teacher and GoogLeNet as a student model achieved a WKS of 0.90 with significantly fewer parameters than the teacher model. Finally, the automatic predictions of the deep learning models are interpreted using the SHAP explainable AI framework. These findings suggest that the cost-sensitive approach and lightweight KD model can substantially enhance the performance of the implemented deep learning models for DR detection in memory-constrained healthcare devices.","","2024 International Joint Conference on Neural Networks (IJCNN)","","10.1109/ijcnn60899.2024.10650642","https://consensus.app/papers/enhancing-diabetic-retinopathy-detection-through-shafi-shawon/60069fab8a705fcea3abfaa4e331c3db/"
"Cross-Architecture Knowledge Distillation (KD) for Retinal Fundus Image Anomaly Detection on NVIDIA Jetson Nano","","Berk Yilmaz, Aniruddh Aiyengar",2025,2,"Early and accurate identification of retinal ailments is crucial for averting ocular decline; however, access to dependable diagnostic devices is not often available in low-resourced settings. This project proposes to solve that by developing a lightweight, edge-device deployable disease classifier using cross-architecture knowledge distilling. We first train a high-capacity vision transformer (ViT) teacher model, pre-trained using I-JEPA self-supervised learning, to classify fundus images into four classes: Normal, Diabetic Retinopathy, Glaucoma, and Cataract. We kept an Internet of Things (IoT) focus when compressing to a CNN-based student model for deployment in resource-limited conditions, such as the NVIDIA Jetson Nano. This was accomplished using a novel framework which included a Partitioned Cross-Attention (PCA) projector, a Group-Wise Linear (GL) projector, and a multi-view robust training method. The teacher model has 97.4 percent more parameters than the student model, with it achieving 89 percent classification with a roughly 93 percent retention of the teacher model's diagnostic performance. The retention of clinical classification behavior supports our method's initial aim: compression of the ViT while retaining accuracy. Our work serves as an example of a scalable, AI-driven triage solution for retinal disorders in under-resourced areas.","","ArXiv","","10.48550/arxiv.2506.18220","https://consensus.app/papers/crossarchitecture-knowledge-distillation-kd-for-retinal-yilmaz-aiyengar/6d15d1c7cef45d43b0652106b0b9f23b/"
"Hybrid CNN+Transformer for Diabetic Retinopathy Recognition and Grading","The hybrid CNN+Transformer system improves diabetic retinopathy recognition and grading accuracy, even on small datasets, achieving state-of-the-art performance across five benchmark datasets.","Arezoo Sadeghzadeh, Masum Shah Junayed, Tarkan Aydın, Md Baharul Islam",2023,6,"Diabetic retinopathy (DR) is a cause of blindness when it is not cured timely. Therefore, automatic DR detection and grading systems play a significant role in early diagnosis and treatment. However, the accuracy of the existing computer-aided systems is still insufficient for clinical applications and they need large-scale training datasets for obtaining good performance. This paper proposes a hybrid CNN+Transformer DR recognition and grading system to competitively improve performance even when directly trained on small datasets. Firstly, a deep CNN-based EfficientNet-B0 backbone is used as the feature extractor. Then, global dependencies are drawn between the input and output by employing a Transformer encoder-decoder (TE-TD), interleaved with Multi-Head Self Attentions (MHSA) for feature encoding. It is followed by a Residual Spatial Module (RSM) to improve the performance of the model further while stabilizing the training. A prediction feed-forward network (PFFN) is used as a classifier. The effectiveness of different modules on the performance of the system and the superiority of the combined CNN and Transformer over plain individual architectures are all investigated through comprehensive ablation studies. Our approach attains a high generalization by obtaining state-of-the-art performance in both recognition and grading on five different benchmark datasets, i.e., EyePACS, APTOS, DDR, Messidor-l, and Messidor-2.","","2023 Innovations in Intelligent Systems and Applications Conference (ASYU)","","10.1109/asyu58738.2023.10296789","https://consensus.app/papers/hybrid-cnntransformer-for-diabetic-retinopathy-sadeghzadeh-junayed/1205cb534ec2560fb7ba4a266657cd83/"
"Diabetic retinopathy prediction based on vision transformer and modified capsule network","Our hybrid deep learning method using a fine-tuning vision transformer and modified capsule network effectively predicts diabetic retinopathy severity levels, outperforming state-of-the-art methods on four datasets.","Mohammed Oulhadj, J. Riffi, Khodriss Chaimae, M. A. Mahraz, Ali Yahyaouy, Abdellaoui Meriem, B. Idriss, H. Tairi",2024,33,"","","Computers in biology and medicine","1","10.1016/j.compbiomed.2024.108523","https://consensus.app/papers/diabetic-retinopathy-prediction-based-on-vision-oulhadj-riffi/99a74b8f880e50aa90094a20ef749864/"
"Prospective evaluation of an artificial intelligence-enabled algorithm for automated diabetic retinopathy screening of 30 000 patients","An AI-enabled algorithm, EyeArt v2.1, demonstrated safe levels of sensitivity for high-risk retinopathy in a real-world screening service, potentially halving the workload for human graders.","Peter Heydon, C. Egan, L. Bolter, Ryan Chambers, John Anderson, Stephen J. Aldington, I. Stratton, P. Scanlon, L. Webster, Samantha S Mann, Alan du Chemin, C. Owen, A. Tufail, A. Rudnicka",2020,153,"Human grading of digital images from diabetic retinopathy (DR) screening programmes represents a significant challenge, due to the increasing prevalence of diabetes. We evaluate the performance of an automated artificial intelligence (AI) algorithm to triage retinal images from the English Diabetic Eye Screening Programme (DESP) into test-positive/technical failure versus test-negative, using human grading following a standard national protocol as the reference standard. Retinal images from 30 405 consecutive screening episodes from three English DESPs were manually graded following a standard national protocol and by an automated process with machine learning enabled software, EyeArt v2.1. Screening performance (sensitivity, specificity) and diagnostic accuracy (95% CIs) were determined using human grades as the reference standard. Sensitivity (95% CIs) of EyeArt was 95.7% (94.8% to 96.5%) for referable retinopathy (human graded ungradable, referable maculopathy, moderate-to-severe non-proliferative or proliferative). This comprises sensitivities of 98.3% (97.3% to 98.9%) for mild-to-moderate non-proliferative retinopathy with referable maculopathy, 100% (98.7%,100%) for moderate-to-severe non-proliferative retinopathy and 100% (97.9%,100%) for proliferative disease. EyeArt agreed with the human grade of no retinopathy (specificity) in 68% (67% to 69%), with a specificity of 54.0% (53.4% to 54.5%) when combined with non-referable retinopathy. The algorithm demonstrated safe levels of sensitivity for high-risk retinopathy in a real-world screening service, with specificity that could halve the workload for human graders. AI machine learning and deep learning algorithms such as this can provide clinically equivalent, rapid detection of retinopathy, particularly in settings where a trained workforce is unavailable or where large-scale and rapid results are needed.","non-rct observational study","The British Journal of Ophthalmology","1","10.1136/bjophthalmol-2020-316594","https://consensus.app/papers/prospective-evaluation-of-an-artificial-heydon-egan/f0a52d2eb9575cbc84393cc8a83dcf06/"
